id;sentence;index_sentence;verb;lexem;index_verb;basic_meaning;contextual_meaning;is_metaphor
8074ec4f-38a9-4b98-8670-bbf487996923;Heute allerdings muss man mit Ernst hinzufügen: Einigen Menschen, vor allen Dingen einigen Szenen, die so aussahen, als wären sie aus dem Kino leibhaftig in die Wirklichkeit gekommen, wäre man nicht gern begegnet, hätte man nicht gern erlebt.;20;gekommen;kommen;;;;
8074ec4f-38a9-4b98-8670-bbf487996923;Heute allerdings muss man mit Ernst hinzufügen: Einigen Menschen, vor allen Dingen einigen Szenen, die so aussahen, als wären sie aus dem Kino leibhaftig in die Wirklichkeit gekommen, wäre man nicht gern begegnet, hätte man nicht gern erlebt.;20;begegnet;begegnen;;;;
8074ec4f-38a9-4b98-8670-bbf487996923;"Es eröffnet Perspektiven, die man gelegentlich über den Job hinaus braucht, die wir alle nötig brauchen; jedenfalls dann, wenn wir uns miteinander vornehmen, das Leben der Menschen besser, toleranter, aber auch friedlicher zu gestalten.";27;gestalten;gestalten;;;;
8074ec4f-38a9-4b98-8670-bbf487996923;Inzwischen - das möchte ich Ihnen gerne versichern - ist die Berlinale wirklich völlig frei von politischem Reinreden, und zwar nicht zuletzt deshalb und gerade jetzt, weil wir neben dem, was am Kartenverkauf hereinkommt, die alleinige Finanzierung des Festivals übernommen haben.;40;hereinkommt;hereinkommen;;;;
8074ec4f-38a9-4b98-8670-bbf487996923;Wenn mit dem Jahr 2003 das Filmförderungsgesetz, das jetzt gilt, ausgelaufen sein wird, dann werden wir bei der Neuregelung alle diese Anregungen aufnehmen, und ich denke, wir werden auch zu einer deutlichen Erhöhung kommen, vor allen Dingen aber zu einer zielgenaueren Förderung dessen, was wir wollen.;58;ausgelaufen;auslaufen;;;;
feec228f-e9a1-4084-9625-0780ef6be30d;Zugleich mahnt uns die Botschaft der Häftlinge, nicht bei der Rekonstruktion des Leidens zu verweilen, denn es war je gerade das Leben außerhalb des Lagers, das ihnen geraubt wurde, das Leben ohne Häftlingsnummer und Appell.;9;geraubt;rauben;;;;
feec228f-e9a1-4084-9625-0780ef6be30d;Die Orte von Leid, Unterdrückung und Tod sind längst zu wichtigen historischen Quellen aufgestiegen, zu Beweismitteln auch, ohne die das Gedenken gegen Ignoranz und Lüge nicht bestehen kann.;20;aufgestiegen;aufsteigen;;;;
feec228f-e9a1-4084-9625-0780ef6be30d;Gedenkstätten werden weiterentwickelt zu modernen zeithistorischen Museen, die die Erinnerung an die Staatsverbrechen des vergangenen Jahrhunderts wachhalten werden. - Vorbildlich in diesem Gesamtprozess waren und sind die Gedenkstätte und das Museum Sachsenhausen, für die der Bund und das Land Brandenburg seit Bestehen der Stiftung Brandenburgische Gedenkstätten rund 16 Millionen Euro  bereitgestellt haben.;23;wachhalten;wachhalten;;;;
6104d06a-d8f2-4d9f-90cd-01d82174680d;Wir werden ihn nur durch eine Politik der Prävention eindämmen können, wenn es uns gelingt, gemeinsam einen neuen Anlauf zu machen, um seine vielfältigen Ursachen wirksam zu bekämpfen.;11;eindämmen;eindämmen;;;;
6104d06a-d8f2-4d9f-90cd-01d82174680d;Menschenrechte sind kein Luxusgut, kein Orchideenthema, das in den Hintergrund rücken kann, wenn die Stunde der Sicherheitspolitik wieder schlägt.;14;schlägt;schlagen;;;;
6104d06a-d8f2-4d9f-90cd-01d82174680d;Die hiermit zusammenhängenden, konkreten Fragen sind oft nicht leicht zu beantworten, auch in Deutschland ist um ihre Beantwortung immer wieder gerungen worden.;18;gerungen;ringen;;;;
8d51237d-9356-4462-b5a4-55678c344bf2;"Auch die Kultusministerkonferenz hat im Dezember 2001 als schnelle Reaktion auf die Ergebnisse der internationalen PISA-Studie beschlossen, ""Maßnahmen mit dem Ziel einer frühzeitigen Einschulung"" zu ergreifen.";81;ergreifen;ergreifen;;;;
8d51237d-9356-4462-b5a4-55678c344bf2;Die Dichte der Vorgaben für den Unterrichtsstoff muss überprüft, Lehrpläne müssen entrümpelt werden.;110;entrümpelt;entrümpeln;;;;
cbb89072-f10a-49c4-816b-f34551e8d086;"Obwohl die neue Republik auf die besten und nobelsten deutschen und europäischen Verfassungstraditionen gestellt war, war die Skepsis am Anfang groß, ob sich im ""Weststaat"" eine dauerhaft stabile Demokratie würde entfalten können.";17;entfalten;entfalten;;;;
cbb89072-f10a-49c4-816b-f34551e8d086;Sie vor allem waren es, die den Preis für die deutsche Kriegsschuld zahlen mußten - bis sie in bewundernswerter Zivilcourage 1989 das Zwangssystem des Einparteienstaates abschüttelten.;23;abschüttelten;abschütteln;;;;
cbb89072-f10a-49c4-816b-f34551e8d086;Unsere Verfassung bietet auch für die Zukunft eine tragfähige Grundlage, die gesellschaftlichen Veränderungen erfolgreich zu gestalten.;36;gestalten;gestalten;;;;
20404d92-6810-4c7f-8002-21f9cd566eb7;Damals kreiste das Interesse um zwei internationale Entwicklungen: · Kultur und Medien sahen sich von einer Liberalisierungsdebatte überzogen, die aus dem Allgemeinen Übereinkommen über den Handel mit Dienstleistungen - kurz GATS - herrührte.· Gleichzeitig bemühte sich die UNESCO, den Druck zu mildern und die kulturelle Vielfalt durch ein Übereinkommen zu schützen.;3;kreiste;kreisen;;;;
20404d92-6810-4c7f-8002-21f9cd566eb7;Natürlich fächert diese Studie aber auch auf, wie viel noch zu tun ist, um einen wirklichen Konsens zu erreichen.;6;fächert;fächern;;;;
20404d92-6810-4c7f-8002-21f9cd566eb7;Der Handel mit Waren, also zum Beispiel Büchern oder Tonträgern, ist über die Regeln des GATT bereits seit langem weitgehend liberalisiert.· Selbst multilaterale Übereinkommen in der Kulturpolitik können Bindungswirkungen für die innerstaatliche Politik entfalten, die den jeweils Betroffenen nicht immer bewusst sind.;28;entfalten;entfalten;;;;
20404d92-6810-4c7f-8002-21f9cd566eb7;So geschehen in Köln, als die städtebauliche Planung den Dom fast von der Liste der Welterbestätten gekegelt hätte und dies auch noch mit Erstaunen quittiert wurde.;29;gekegelt;kegeln;;;;
20404d92-6810-4c7f-8002-21f9cd566eb7;Ich erinnere nur daran, wie geschockt die Betroffenen reagierten, als der Europäische Gerichtshof Gemeinschaftsrecht auf gute alte Traditionen im Sport, auf den Bereitschaftsdienst von Krankenhausärzten oder auf den Zugang von Frauen zur Bundeswehr münzte.· Wir müssen den Blick weiten und uns bei der Debatte auf supranationaler Ebene mit der Sicht anderer, gleichberechtigter  Nationen in der Kulturpolitik auseinandersetzen.;50;münzte;münzen;;;;
20404d92-6810-4c7f-8002-21f9cd566eb7;Ich betrachte es daher als sehr ermutigendes Zeichen, dass es im vergangenen Jahr gelungen ist, eine Koalition für kulturelle Vielfalt zu schmieden.;62;schmieden;schmieden;;;;
b0e8c8cd-46b9-4b0f-a8bd-762bc376779c;Man sagt Zahlen nach, sie wären nur abstrakte Zeichen, hinter denen die konkreten menschlichen Erfahrungen und Leiden verschwinden.;2;verschwinden;verschwinden;;;;
b0e8c8cd-46b9-4b0f-a8bd-762bc376779c;Wenn erst einmal der Schmerz, die Hoffnung, die Trauer und die Freundschaft mit denjenigen gestorben sind, die all dies empfanden, dann bleiben die Zahlen in den Geschichtsbüchern - so heißt es - und mit ihnen erkaltet langsam die Erinnerung.;3;gestorben;sterben;;;;
b0e8c8cd-46b9-4b0f-a8bd-762bc376779c;Wenn erst einmal der Schmerz, die Hoffnung, die Trauer und die Freundschaft mit denjenigen gestorben sind, die all dies empfanden, dann bleiben die Zahlen in den Geschichtsbüchern - so heißt es - und mit ihnen erkaltet langsam die Erinnerung.;3;erkaltet;erkalten;;;;
b0e8c8cd-46b9-4b0f-a8bd-762bc376779c;In den Erinnerungen vieler Häftlinge, wie sie in Schriften, in Ton-  und Bildaufzeichnungen niederlegt sind, gehört dieser Keller zu den finstersten Orten eines Lagers, das ohnehin von einer immerwährenden Nacht der Unmenschlichkeit verdunkelt wurde.;10;verdunkelt;verdunkeln;;;;
b0e8c8cd-46b9-4b0f-a8bd-762bc376779c;Ein Ort, der die Erinnerung an die Toten wachhält.;32;wachhält;wachhalten;;;;
28e8d890-17d1-4d2c-8b02-dbd86dd917d0;Für die Zeit des Mittelalters ist die Verbindung unübersehbar, Parallelen springen aber auch in der Neuzeit ins Auge: Deutschland und Italien sind verspätete Nationen des 19. Jahrhunderts, was jeweils im Inneren der Gesellschaften divergierende Geschwindigkeiten der Modernisierung bedingte.;4;springen;springen;;;;
28e8d890-17d1-4d2c-8b02-dbd86dd917d0;Die späte Nationenbildung hatte nicht zuletzt den Effekt, dass die kulturellen Landschaften beider Länder bis heute in hohem Maße multipolar verfasst sind.;5;verfasst;verfassen;;;;
28e8d890-17d1-4d2c-8b02-dbd86dd917d0;Die kulturelle Nähe zwischen Deutschland und Italien äußert sich in der hohen Wertschätzung, die die Leistungen der jeweils anderen Kultur erfahren.;12;erfahren;erfahren;;;;
28e8d890-17d1-4d2c-8b02-dbd86dd917d0;Als institutionellen Niederschlag der wechselseitigen Wertschätzung kann man das zwischen unseren Staaten bestehende dichte Geflecht kultureller Einrichtungen im jeweils anderen Land begreifen.;14;begreifen;begreifen;;;;
28e8d890-17d1-4d2c-8b02-dbd86dd917d0;Bemerkenswert ist dabei, dass eine Reihe dieser Einrichtungen auf das 19. Jahrhundert zurückgeht, eine Zeit also, in der der Begriff der auswärtigen Kulturpolitik - jedenfalls im deutschen Sprachraum - noch nicht existierte.;15;zurückgeht;zurückgehen;;;;
28e8d890-17d1-4d2c-8b02-dbd86dd917d0;Auch in Folge der Mitte der 50er Jahre verstärkt einsetzenden Migration hat sich die Lebenswelt in Deutschland in gewisser Weise italianisiert - ich denke hier z.B. an die Bereiche Esskultur, Mode und Design.;17;italianisiert;italianisieren;;;;
28e8d890-17d1-4d2c-8b02-dbd86dd917d0;Der langen Tradition der Italien-, besonders der Rom-Aufenthalte deutscher Künstler ist das Motiv der Sehnsucht eingeschrieben, Sehnsucht nach dem Fremden, dem ganz Anderen.;25;eingeschrieben;einschreiben;;;;
28e8d890-17d1-4d2c-8b02-dbd86dd917d0;Die Liste der durch die DaimlerChrysler AG geförderten Stipendiaten spiegelt die Leitidee der Casa di Goethe wieder, Goethes Werk sowohl in seinem historischen Kontext zu präsentieren als auch aus dem Blickwinkel der Gegenwart zu befragen.;41;spiegelt;spiegeln;;;;
28e8d890-17d1-4d2c-8b02-dbd86dd917d0;Aus dieser Tradition erwächst in meinen Augen eine besondere Verpflichtung - auch mit Blick auf die Erweiterung der Europäischen Union.;54;erwächst;erwachsen;;;;
28e8d890-17d1-4d2c-8b02-dbd86dd917d0; Sein Umfang spiegelt die Vielfalt, die Dauer und die Intensität der Beziehungen, die zwischen Deutschland und Italien auf allen Gebieten der Kultur und Bildung bestehen.;60;spiegelt;spiegeln;;;;
28e8d890-17d1-4d2c-8b02-dbd86dd917d0;Diese Intensität zeigt sich nicht zuletzt darin, dass sowohl Deutschland wie Italien im jeweils anderen Land die relativ größte Zahl kultureller Einrichtungen unterhalten.;61;unterhalten;unterhalten;;;;
a7a90bdf-e62e-4abc-86b0-b0172c12b261;Dabei ist es vor allem die Reizgestalt der Handschrift, die ihn ans Entziffern der Mikrogramme bannt und gleichzeitig in eine ungewohnte Freiheit entlässt.;8;bannt;bannen;;;;
a7a90bdf-e62e-4abc-86b0-b0172c12b261;Dabei ist es vor allem die Reizgestalt der Handschrift, die ihn ans Entziffern der Mikrogramme bannt und gleichzeitig in eine ungewohnte Freiheit entlässt.;8;entlässt;entlassen;;;;
a7a90bdf-e62e-4abc-86b0-b0172c12b261;Im Gegenteil: Es ist die Sinnlichkeit der reinen Augenlust, wenn man sich ans Studium seiner Blätter macht und beobachtet, wie die Sätze wuchern, übereinander wachsen, sich in Linien verlieren oder zu Flächen verdichten.;12;wuchern;wuchern;;;;
a7a90bdf-e62e-4abc-86b0-b0172c12b261;Im Gegenteil: Es ist die Sinnlichkeit der reinen Augenlust, wenn man sich ans Studium seiner Blätter macht und beobachtet, wie die Sätze wuchern, übereinander wachsen, sich in Linien verlieren oder zu Flächen verdichten.;12;wachsen;wachsen;;;;
a7a90bdf-e62e-4abc-86b0-b0172c12b261;Im Gegenteil: Es ist die Sinnlichkeit der reinen Augenlust, wenn man sich ans Studium seiner Blätter macht und beobachtet, wie die Sätze wuchern, übereinander wachsen, sich in Linien verlieren oder zu Flächen verdichten.;12;verlieren;verlieren;;;;
a7a90bdf-e62e-4abc-86b0-b0172c12b261;Im Gegenteil: Es ist die Sinnlichkeit der reinen Augenlust, wenn man sich ans Studium seiner Blätter macht und beobachtet, wie die Sätze wuchern, übereinander wachsen, sich in Linien verlieren oder zu Flächen verdichten.;12;verdichten;verdichten;;;;
a7a90bdf-e62e-4abc-86b0-b0172c12b261;"Denklandschaft, ""Regenblatt"", ""Textvibrationsstudie"", ""Satzfeld"" oder auch: ""Porträtierter Satz"", das sind die Lockvögel, die Claus ausgesendet hat, um uns in seine Expressionen hineinzuziehen.";15;hineinzuziehen;hineinziehen;;;;
a7a90bdf-e62e-4abc-86b0-b0172c12b261;So lautet der Titel einer Arbeit aus dem Jahr 1968, für die Claus den Zeichenstift so lange über das Papier kreisen ließ, bis das Blatt fast vollständig schwarz geworden war.;21;kreisen;kreisen;;;;
a7a90bdf-e62e-4abc-86b0-b0172c12b261;"Wobei das ""Schweigen"" in diesem speziellen Fall auch nichts anderes ist, als ein Innehalten im Kontinuum der Wörter und Bilder, das Raum schafft für neue Projektionen und Gedanken, die von den Randzonen zwischen dem Bekannten und dem Unbewussten herandrängen.";22;herandrängen;herandrängen;;;;
76229edd-ffc8-4d62-9527-db200df3d1c3;Europa muss von seinen Bürgerinnen und Bürgern als Ort des sozialen Zusammenhalts über kulturelle und religiöse Grenzen hinweg begriffen und erlebt werden.;34;begriffen;begreifen;;;;
76229edd-ffc8-4d62-9527-db200df3d1c3;Europa muss von seinen Bürgerinnen und Bürgern als Ort des sozialen Zusammenhalts über kulturelle und religiöse Grenzen hinweg begriffen und erlebt werden.;34;erlebt;erleben;;;;
f83405f4-c2af-4eb4-a265-b56a345ac371;Das kann nicht oktroyiert werden, sondern das geht nur, indem wir die wechselseitige Blockade, die nach meinem Eindruck den Prozess so lange verzögert hat - natürlich sind die Interessen unterschiedlich und treffen auch im Bündnis für den Film aufeinander -, dadurch aufheben, dass wir ein Paket schnüren.;50;schnüren;schnüren;;;;
c937ef3a-71cd-4928-8d98-e1060476b16b;So werden nach Expertenaussagen in Deutschland im Jahr 2000 von Mikroelektronikprodukten rund 1.000 Milliarden DM Umsatz 4,5 Millionen Arbeitsplätze Exporte im Wert von 510 Milliarden DM abhängen.;35;abhängen;abhängen;;;;
c937ef3a-71cd-4928-8d98-e1060476b16b;Auch im privaten Bereich hat die Mikroelektronik längst Einzug gehalten: Von der Unterhaltungselektronik übers Handy bis zur Chipkarte.;38;gehalten;halten;;;;
c937ef3a-71cd-4928-8d98-e1060476b16b;Und zusätzlich fließen erhebliche Beiträge in die Kassen der sozialen Sicherungssysteme.;64;fließen;fließen;;;;
b4203c99-a616-4ba8-8ac4-3570dd7f61da;Und gleichzeitig glaube ich auch, daß Kulturpolitik durch die Arbeit von Stiftungen belebt werden kann, also eine fruchtbare Wechselwirkung besteht.;47;belebt;beleben;;;;
ce4a913e-1b4c-4b62-a47d-e8562b59773e;Die Mehrheiten lagen quer zu den politischen Parteien.;3;lagen;liegen;;;;
ce4a913e-1b4c-4b62-a47d-e8562b59773e;"Ich teile diese Auffassung nicht, im Gegenteil: Die normative Orientierung an menschlicher Würde, am Respekt vor dem einzelnen menschlichen Individuum sehe ich als den (humanistischen) Kern des Ethos an, das eine Demokratie trägt oder besser tragen sollte: ""Die Würde des Menschen ist unantastbar"" muss normativ ausbuchstabiert werden - die Gesetzgebung ist nur ein Teil dieses ethischen Projektes. Die Wahrung der Menschenwürde verlangt Respekt.";32;ausbuchstabiert;ausbuchstabieren;;;;
ce4a913e-1b4c-4b62-a47d-e8562b59773e;Allerdings erschöpfen sich die ethischen Pflichten nicht in der Bewahrung individueller Rechte.;41;erschöpfen;erschöpfen;;;;
ad83afea-c10d-4bff-bcab-092b69ef878c;Ich räume ein, dass diese 42 Prozent, die gelten - sie stehen ja schon im Gesetzblatt -, nicht zustande gekommen sind, weil die SPD sich das so gerne gewünscht hätte, sondern das war ein Kompromiss, den wir mit der rheinland-pfälzischen Landesregierung schließen mussten.;28;schließen;schließen;;;;
ad83afea-c10d-4bff-bcab-092b69ef878c;Davor steht die Garantie der kommunalen Selbstverwaltung.;40;steht;stehen;;;;
ad83afea-c10d-4bff-bcab-092b69ef878c;Ich verstehe wirklich nicht, wie man bei dieser Situation sagen kann, dass der Mittelstand schlechter gestellt wird als die Körperschaften.;44;gestellt;stellen;;;;
ad83afea-c10d-4bff-bcab-092b69ef878c;Auch hier gehen wir Hand in Hand, der Bund und dieses Land.;90;gehen;gehen;;;;
ad83afea-c10d-4bff-bcab-092b69ef878c;Das ist vor allen Dingen Ihren eigenen Aktivitäten geschuldet, nicht in erster Linie - das behauptet auch keiner - der Politik.;131;geschuldet;schulden;;;;
ad83afea-c10d-4bff-bcab-092b69ef878c;Aber man muss eine Säule daneben stellen, und die heißt Kapitaldeckung.;155;stellen;stellen;;;;
ad83afea-c10d-4bff-bcab-092b69ef878c;Für mich war es immer wichtig, zu sagen: Der Sinn der Reform ist, Kapitaldeckung aufzubauen, die zweite Säule neben die erste, beitragsfinanzierte, zu stellen.;171;stellen;stellen;;;;
ad83afea-c10d-4bff-bcab-092b69ef878c;Meine Partei ist gegen dieses Gesetz Sturm gelaufen, meine Freunde in den Gewerkschaften genauso.;193;gelaufen;laufen;;;;
ad83afea-c10d-4bff-bcab-092b69ef878c;Wir haben nämlich einen Rechtsanspruch auf Teilzeit eingeräumt.;211;eingeräumt;einräumen;;;;
ad83afea-c10d-4bff-bcab-092b69ef878c;Deswegen denke ich, dass wir auch in diesem Bereich zwischen den Teilhabeansprüchen Ihrer Beschäftigten und den berechtigten Ansprüchen dessen, der sein Geld investieren will und der das Risiko für das investierte Geld trägt, eine sinnvolle, vernünftige Balance finden werden und finden müssen.;241;trägt;tragen;;;;
ad83afea-c10d-4bff-bcab-092b69ef878c;Ich jedenfalls halte das, was gegenwärtig an vordergründigen Konfrontationen aufgebaut wird, für ganz verkehrt.;242;aufgebaut;aufbauen;;;;
ad83afea-c10d-4bff-bcab-092b69ef878c;Wir brauchen zweitens in unserer Gesellschaft ein Maß an Offenheit, an Internationalität, um die Menschen  von außen zu bekommen, die unsere Leute herausfordern können.;251;bekommen;bekommen;;;;
ad83afea-c10d-4bff-bcab-092b69ef878c;Ich sage deswegen: In diesen beiden Bereichen haben wir ein Modernitätsdefizit, das wir gemeinsam aufarbeiten müssen, wenn wir - ich denke, an diesem Punkt ziehen wir an einem Strang, wo immer sich der Einzelne politisch verortet - eines wollen: des Landes Wohlfahrt, wie man bei uns in Niedersachsen so schön sagt.;264;ziehen;ziehen;;;;
3c1b444d-f6b8-453e-be72-0b9c0aeeffff;"Was sich damals in den Gesichtern der Menschen widerspiegelte, zeigt die Ausstellung ""Here is New York"".";6;widerspiegelte;widerspiegeln;;;;
3c1b444d-f6b8-453e-be72-0b9c0aeeffff;Sie erzählen von der Trauer und der Verzweiflung der Menschen, von Müdigkeit und Erschöpfung, aber auch vom Durchhaltewillen und der festen Entschlossenheit, nicht aufzugeben.;23;erzählen;erzählen;;;;
3c1b444d-f6b8-453e-be72-0b9c0aeeffff;An der Seite der USA haben wir gemeinsam mit anderen Nato-Partnern in Afghanistan dazu beigetragen, die Wurzeln des terroristischen Al-Quaida-Netzwerkes zu zerschlagen.;42;zerschlagen;zerschlagen;;;;
3c1b444d-f6b8-453e-be72-0b9c0aeeffff;Aber in der Not stehen die Menschen zusammen.;49;stehen;stehen;;;;
3c1b444d-f6b8-453e-be72-0b9c0aeeffff;Nicht nur eine Flutwelle, eine ungeheure Welle der Hilfsbereitschaft geht durch unser Land.;54;geht;gehen;;;;
3c1b444d-f6b8-453e-be72-0b9c0aeeffff;"Von diesem Gefühl haben wir immer noch etwas in die Gegenwart hinübergerettet.""";60;hinübergerettet;hinüberretten;;;;
3c1b444d-f6b8-453e-be72-0b9c0aeeffff;Wir werden nie ganz fassen können, was damals geschah.;63;fassen;fassen;;;;
3c1b444d-f6b8-453e-be72-0b9c0aeeffff;Wir können nur versuchen, uns weiter anzunähern.;64;anzunähern;annähern;;;;
3bfe1b3b-05c0-4eb0-be0a-d99a6e35b632;Ich denke, dass das, was Sie hier nach fünfjähriger Bauzeit beziehen, sich sehen lassen kann und in Berlins Mitte eine Bereicherung darstellt, sowohl baulich als auch von den Aufgaben her, die Sie hier bearbeiten.;4;sehen;sehen;;;;
3bfe1b3b-05c0-4eb0-be0a-d99a6e35b632;Ich möchte aber aufgreifen, was Sie, Herr Reich, vor wenigen Wochen in der Bilanzpressekonferenz gesagt haben.;9;aufgreifen;aufgreifen;;;;
3bfe1b3b-05c0-4eb0-be0a-d99a6e35b632;Hier liegt ein Grund, warum in der Frühphase traditionelle Kreditgeber schon einmal zögern, wenn Jungunternehmerinnen und -unternehmer mit unkonventionellen Methoden und einer Finanzierung, die nicht in allen Punkten als abgesichert gelten kann, in neue Märkte vorstoßen wollen, was wir uns alle miteinander aber auf der anderen Seite wünschen.;18;vorstoßen;vorstoßen;;;;
3bfe1b3b-05c0-4eb0-be0a-d99a6e35b632;Interessant ist in diesem Zusammenhang auch die Beobachtung, dass die Beschäftigungspläne bei den Unternehmen der New Economy trotz der Kursbereinigung an den Aktienmärkten erneut um fast zehn Prozentpunkte über denen des Vorjahres liegen.;56;liegen;liegen;;;;
3bfe1b3b-05c0-4eb0-be0a-d99a6e35b632;Neben der eindeutig beschäftigungsfreundlichen Wirkung dieser Förderbank liegt mir eines der Grundprinzipien der Kreditanstalt für Wiederaufbau besonders am Herzen, das Prinzip der Nachhaltigkeit.;70;liegt;liegen;;;;
4b19193d-8f6b-4cfc-b74d-80f73876f0ec;Meine Freude entzündet sich dabei sowohl am Thema der Ausstellung als auch an ihrem kulturpolitischen Kontext.;4;entzündet;entzünden;;;;
4b19193d-8f6b-4cfc-b74d-80f73876f0ec;Kunstwerke erzählen nicht nur die Geschichte der Kunst, sondern auch die ihres Jahrhunderts.;5;erzählen;erzählen;;;;
4b19193d-8f6b-4cfc-b74d-80f73876f0ec;Sie reflektieren ihre Epoche, sind Spiegel der gesellschaftlichen, politischen und wissenschaftlichen Wirklichkeit, in der sie entstanden sind.;6;reflektieren;reflektieren;;;;
4b19193d-8f6b-4cfc-b74d-80f73876f0ec;Die Künste initiieren daraus nicht selten gesellschaftliche Bewegungen, Utopien, Revolution.;8;initiieren;initiieren;;;;
4b19193d-8f6b-4cfc-b74d-80f73876f0ec;Der europaweite Terror des NS-Regimes gegen die Kultur und der kalte Krieg haben unseren Blick zweifellos zweifach verstellt.;23;verstellt;verstellen;;;;
01966db1-1367-4fad-aea7-e1fcb1be9c48;Kein Zweifel: Im Vergleich zur Situation, die wir im letzten Jahr um diese Zeit vorgefunden haben, hat sich die Weltwirtschaft eingetrübt.;9;eingetrübt;eintrüben;;;;
01966db1-1367-4fad-aea7-e1fcb1be9c48;Kein Zweifel also: Die Weltwirtschaft hat sich eingetrübt.;11;eingetrübt;eintrüben;;;;
01966db1-1367-4fad-aea7-e1fcb1be9c48;Anders ausgedrückt: Krisenhafte Erscheinungen in dem für uns so wichtigen Markt der Vereinigten Staaten schlagen anders und vor allen Dingen schneller auf Deutschland durch, als es in der Vergangenheit der Fall war.;14;schlagen;durchschlagen;;;;
01966db1-1367-4fad-aea7-e1fcb1be9c48;"Wir haben gesagt: Wir müssen einen Pfad in der staatlichen Finanzpolitik finden, der einen Weg in die Zukunft dadurch beschreibt, dass auf der einen Seite Konsolidierungspolitik in den öffentlichen Haushalten gemacht wird - übrigens auch international vereinbarte Konsolidierungspolitik; ich erinnere an den Stabilitätspakt, der international vereinbart wurde, keine Erfindung von mir war und trotzdem richtig ist - und auf der anderen Seite die öffentlichen Investitionen verstetigt werden, um dadurch Wachstum zu ermöglichen.";39;beschreibt;beschreiben;;;;
01966db1-1367-4fad-aea7-e1fcb1be9c48;Es leuchtet jedem, der sich mit Finanz- und Wirtschaftspolitik befasst, unmittelbar ein, dass das nicht geht.;58;leuchtet;einleuchten;;;;
01966db1-1367-4fad-aea7-e1fcb1be9c48;Diejenigen, die das befürworten, können nur sehr kurzfristige Beweise dafür antreten.;60;antreten;antreten;;;;
01966db1-1367-4fad-aea7-e1fcb1be9c48;Der Herr Ministerpräsident hat darauf abgehoben.;68;abgehoben;abheben;;;;
01966db1-1367-4fad-aea7-e1fcb1be9c48;Wir haben nämlich aus guten Gründen - der Herr Ministerpräsident hat darauf hingewiesen - den Solidarpakt II unter Dach und Fach gebracht.;71;gebracht;bringen;;;;
01966db1-1367-4fad-aea7-e1fcb1be9c48;Ich wollte nämlich den Finanzmärkten wie den wirtschaftspolitischen Akteuren signalisieren: Dieses Land, föderal aufgebaut - was ja gelegentlich durchaus zu Schwierigkeiten bei Entscheidungen führen kann -, ist in der Lage, komplizierteste Entscheidungen mit weit reichenden Folgen in kurzer Zeit und großer Einigkeit zu fällen.;73;fällen;fällen;;;;
f58b9608-7a61-4c46-bde0-43323c03f3c9;Auch das, denke ich, wird die Branche nicht übersehen und keineswegs klein schreiben.;77;schreiben;schreiben;;;;
f58b9608-7a61-4c46-bde0-43323c03f3c9;Aber natürlich brauchen wir die Partner, um die Notwendigkeit einer solchen Innovationsstrategie auch in der Gesellschaft zu verankern.;126;verankern;verankern;;;;
6dcd1c3e-5658-41b7-bec3-5cd199197ae2;Filme erzählen die Geschichten von der Vergangenheit mit ihren eigenen Mitteln.;21;erzählen;erzählen;;;;
6dcd1c3e-5658-41b7-bec3-5cd199197ae2;Gegenwärtig zielen die stilistischen Mittel des Kinos - nicht nur in Deutschland - vor allem auf die Emotionen des Publikums. Diese Tendenz ist nicht etwa zu verachten.;23;zielen;zielen;;;;
6dcd1c3e-5658-41b7-bec3-5cd199197ae2;Das Kino erzählt die Geschichten von der Vergangenheit so, dass sie auf die Emotion, den Sinnesapparat, das seelische Zentrum des Zuschauers zielen.;29;erzählt;erzählen;;;;
6dcd1c3e-5658-41b7-bec3-5cd199197ae2;Das Kino erzählt die Geschichten von der Vergangenheit so, dass sie auf die Emotion, den Sinnesapparat, das seelische Zentrum des Zuschauers zielen.;29;zielen;zielen;;;;
a239886a-ec3e-4442-b2d6-57fcff82dd8b;Ich glaube, dass jeder unendliches Mitgefühl mit den Opfern, mit den Angehörigen der Toten hat und haben muss, und daraus auch der feste Wille erwachsen muss, alles zu tun, um erstens das, was abgelaufen ist, abzuklären und zweitens, wenn es ein Anschlag gewesen sein sollte - was gegenwärtig nicht sicher feststeht, es gibt Anzeichen, es gibt auch gegenteilige Erklärungen der tunesischen Behörden -, dann werden wir alles in unserer Macht stehende tun, um die Menschen, die so etwas tun, zu fangen und auf Dauer hinter Gitter zu bringen.;5;erwachsen;erwachsen;;;;
527f8467-227f-48b5-84ca-1b00db955659;"Meine Damen und Herren, am 17. Dezember 1999, in der 7. Verhandlungsrunde, haben wir hier in Berlin eine erste Vereinbarung erzielt: Bund und deutsche Unternehmen werden je zur Hälfte die Bundesstiftung ""Erinnerung, Verantwortung und Zukunft"" mit einem Stiftungskapital von 10 Mrd. DM ausstatten.";11;erzielt;erzielen;;;;
527f8467-227f-48b5-84ca-1b00db955659;Diese Rechtssicherheit berührt unmittelbar deutsche Exporte und Investitionen in Amerika.;51;berührt;berühren;;;;
ba45c0a7-a97a-4444-b705-d2dc35ef22b9;Wer bauen will, muss Gebäude zuerst sehen und erleben lernen, muss sich umtun in der Welt, in Werkstätten und Büros, muss sich einen Bilderschatz erarbeiten, den er an einer Universität, in einer Stadt, ja nicht einmal in einem Land finden kann.;7;sehen;sehen;;;;
ba45c0a7-a97a-4444-b705-d2dc35ef22b9;Wer bauen will, muss Gebäude zuerst sehen und erleben lernen, muss sich umtun in der Welt, in Werkstätten und Büros, muss sich einen Bilderschatz erarbeiten, den er an einer Universität, in einer Stadt, ja nicht einmal in einem Land finden kann.;7;erleben;erleben;;;;
ba45c0a7-a97a-4444-b705-d2dc35ef22b9;"Architekten müssen wandern, und es war nicht zuletzt diese alte Weisheit, die die rot-grüne Bundesregierung vor nunmehr fünf Jahren bewog, mit dem ""Taut-Stipendium"" den höchst dotierten Nachwuchspreis für junge Architektinnen und Architekten als Reisestipendium auszuloben.";8;wandern;wandern;;;;
c70c7217-df28-45a0-84a2-912abcffca3b;Nur so reifen Ideen zu Innovationen.;32;reifen;reifen;;;;
166288be-8721-4db5-84db-5408e53f7d05;Aber die deutschen Winzer müssen sich mit ihren Produkten keineswegs hinter der Konkurrenz aus dem sonnigeren Ausland verstecken.;20;verstecken;verstecken;;;;
166288be-8721-4db5-84db-5408e53f7d05;Meine Damen und Herren, Sie werden mir zustimmen, diese Zahlen können sich sehen lassen.;46;sehen;sehen;;;;
a020d322-8e31-4ef2-b4a7-afe79370e9e9;Das perfide Überwachungssystem verstümmelte die Seele der Menschen.;16;verstümmelte;verstümmeln;;;;
a020d322-8e31-4ef2-b4a7-afe79370e9e9;Jeder Hauch einer Opposition wurde zerstört.;17;zerstört;zerstören;;;;
e4e4d712-c61d-44f7-8b39-0f827fb40e61;Wer immer über dieses Thema diskutiert, sollte sich die Zahlen des Abbaus der Fördermengen genauso vor Augen führen wie die Zahl der verlorengegangenen Arbeitsplätze und was in einem insgesamt störungsfreien, weil sozialverträglichen Prozess geleistet worden ist.;59;führen;führen;;;;
845c592c-6391-498a-9ef3-66a8b1947b66;Er hat ein Stück Automobilgeschichte nicht nur in Deutschland, sondern auch in der Welt geschrieben.;13;geschrieben;schreiben;;;;
845c592c-6391-498a-9ef3-66a8b1947b66;Insgesamt drei Millionen Fahrzeuge liefen vom Band.;16;liefen;laufen;;;;
4cc57dc2-478a-42f0-9b04-87ae86be6645;Das ist ein Beispiel, an dem sich viele ausrichten sollten.;46;ausrichten;ausrichten;;;;
4cc57dc2-478a-42f0-9b04-87ae86be6645;Deshalb muss der Staat die ökonomischen Strukturen so gestalten, dass sich auch die Zivilgesellschaft besser entfalten kann.;88;entfalten;entfalten;;;;
4cc57dc2-478a-42f0-9b04-87ae86be6645;Erste Erfolge der Agenda 2010 zeichnen sich ab.;91;zeichnen;abzeichnen;;;;
4cc57dc2-478a-42f0-9b04-87ae86be6645;Jetzt vor den Zahlen wegzulaufen oder den Reformprozess abzubrechen, wäre verheerend.;116;wegzulaufen;weglaufen;;;;
4ebb0961-bc05-4326-9ac4-85e4f5cd17c7;Und dann ist mir wichtig zu betonen, dass wir Sorge tragen für die Wettbewerbsfähigkeit unserer Luftverkehrsunternehmen, unserer Flughäfen und unserer Luftfahrtindustrie.;40;tragen;tragen;;;;
a41c4803-1c20-4812-8735-069ee56c0f05;Allerdings ist nicht zuletzt Folge dessen, dass wir ein ambitioniertes Reformprogramm auflegen mussten und aufgelegt haben, um unsere Gesellschaft leistungsfähig zu halten.;25;auflegen;auflegen;;;;
a41c4803-1c20-4812-8735-069ee56c0f05;Das glaube ich jedenfalls den Vorträgen entnommen zu haben.;34;entnommen;entnehmen;;;;
be4c19d7-1687-4d03-8d2f-c7c82420223a;Eines ist klar: die wirtschaftliche Entwicklung der Länder gedeiht am besten, wenn es gelingt, Frieden in dieser Region zu schaffen.;21;gedeiht;gedeihen;;;;
2f36ffb3-55a8-46c5-97ef-a2a14afc1269;"Die Frage der Zwangsarbeiter steht nicht etwa am Rande jenes furchtbaren Geschehens, das unter dem Namen ""Holocaust"" weltweit zu einem Symbol für menschliche Barbarei geworden ist.";4;steht;stehen;;;;
2f36ffb3-55a8-46c5-97ef-a2a14afc1269;Nein, die Verschleppung und Misshandlung von Zwangsarbeitern stehen mit im Zentrum jener Verbrechen.;5;stehen;stehen;;;;
2f36ffb3-55a8-46c5-97ef-a2a14afc1269;Und dazu gehört ebenso die Verpflichtung, Haß, Rassismus und Intoleranz in unserer Gesellschaft nicht wieder aufkeimen zu lassen.;31;aufkeimen;aufkeimen;;;;
9ea54cd9-e6a5-4d89-9285-6e48c995b26c;Redaktionen sind aber keine Behörden, wo man in Ehren ergrauen könnte.;50;ergrauen;ergrauen;;;;
6403fc4f-cf44-4c19-8765-36c562dcf4bd;Eine Wachstumsschwäche, die natürlich Europa und speziell Deutschland berührt.;23;berührt;berühren;;;;
6403fc4f-cf44-4c19-8765-36c562dcf4bd;Da haben wir die entsprechenden Haushalte zweistellig nach oben gefahren, inzwischen fast 16 Milliarden, obwohl wir für weite Teile der Bildung gar nicht zuständig sind, aber wir machen das.;73;gefahren;fahren;;;;
6403fc4f-cf44-4c19-8765-36c562dcf4bd;Und weil das so ist, gibt es eine Begründung aus den Traditionen heraus, die man nicht klein schreiben soll.;144;schreiben;schreiben;;;;
11f425da-f115-4d2c-8021-67e9dc028826;Neben den staatlichen und den grandiosen privaten Hilfen ist jetzt vor allen Dingen eines notwendig - das muss man gerade heute, gerade auf dieser Internationalen Tourismus-Börse sagen -: Die Touristen sollten die Ziele in den betroffenen Regionen nicht aus den Augen verlieren, sondern sie wieder ansteuern.;38;ansteuern;ansteuern;;;;
11f425da-f115-4d2c-8021-67e9dc028826;Die 36 Spiele werden schätzungsweise 30 Milliarden Zuschauer in aller Welt verfolgen.;79;verfolgen;verfolgen;;;;
fa2bd84c-3083-438f-89fb-eaa9a92d0208;Um diese Herausforderungen zu meistern, ist es notwendig, vor allem auf Wissen und Innovation zu setzen.;30;setzen;setzen;;;;
fa2bd84c-3083-438f-89fb-eaa9a92d0208;Ich finde, die Begabungen, die Sie hier an den Tag gelegt haben, lohnen nun wirklich, weiterentwickelt zu werden.;71;gelegt;legen;;;;
8a7deb6c-6f0f-4d15-9245-f01d6400a33a;Doch die hochfliegenden Hauptstadt-Träume waren schon längst abgestürzt.;2;abgestürzt;abstürzen;;;;
8a7deb6c-6f0f-4d15-9245-f01d6400a33a;Nachdem der Feuerstrom der Reden, die auf Berlin am Ende des vergangenen Jahrhunderts gehalten wurden, verglimmt ist, beginnt die Gegenwart.;14;verglimmt;verglimmen;;;;
8a7deb6c-6f0f-4d15-9245-f01d6400a33a;Berlin ist wieder auf sich zurückgeworfen, wie oft genug in seiner Geschichte.;15;zurückgeworfen;zurückwerfen;;;;
8a7deb6c-6f0f-4d15-9245-f01d6400a33a;Meist lässt der Finanzsenator die Sense kurz aufblitzen, erntet dann ein Aufjaulen in den Feuilletons und lässt sich kurz darauf mit der Gewissheit zurückfallen, dass man mit dem Schließen einer Oper gerade mal sechs Tage lang die Zinsen bezahlen könnte.;23;aufblitzen;aufblitzen;;;;
8a7deb6c-6f0f-4d15-9245-f01d6400a33a;Meist lässt der Finanzsenator die Sense kurz aufblitzen, erntet dann ein Aufjaulen in den Feuilletons und lässt sich kurz darauf mit der Gewissheit zurückfallen, dass man mit dem Schließen einer Oper gerade mal sechs Tage lang die Zinsen bezahlen könnte.;23;erntet;ernten;;;;
8a7deb6c-6f0f-4d15-9245-f01d6400a33a;Am Ende erstickt man die Künste, um die Verwaltungen am Leben zu lassen.;36;erstickt;ersticken;;;;
8a7deb6c-6f0f-4d15-9245-f01d6400a33a;Probleme, die Berlin zu lösen hat, lassen sich nicht mit Geld zukleistern.;44;zukleistern;zukleistern;;;;
8a7deb6c-6f0f-4d15-9245-f01d6400a33a;Dem Autor des Artikels drängt sich der Verdacht auf, ob sich vielleicht sogar die Politik mit dieser Absicht trägt?;63;trägt;tragen;;;;
8a7deb6c-6f0f-4d15-9245-f01d6400a33a;Und doch: Bei den Berliner Privattheatern schnürte man schließlich Zuwendungspakete und auch den Berliner Universitäten waren Hochschulverträge vergönnt, die sie vor überfallartigen Sparklausuren bewahrten.;121;schnürte;schnüren;;;;
8a7deb6c-6f0f-4d15-9245-f01d6400a33a;Vielleicht wäre ein Solidarpakt möglich, wonach die Bühnen Zuwendungsverträge über fünf Jahren bekommen, wenn sie im Gegenzug garantieren, Löhne einzufrieren, statt des Tarif- nur noch einen Inflationsausgleich zu zahlen, möglicherweise gar Abstriche am Urlaubsgeld hinzunehmen.;124;einzufrieren;einfrieren;;;;
8a7deb6c-6f0f-4d15-9245-f01d6400a33a;Solche Handstreich-Aktionen haben den Glauben der Beschäftigten an eine moderne Rechtsform schwer erschüttert.;138;erschüttert;erschüttern;;;;
2e89551d-dc7e-4f68-b03a-8c281a5a3580;Auch in Schleswig-Holstein wurde das Kulturressort verzwergt. Eine Kulturhoheit der Länder stelle ich mir anders vor.;44;verzwergt;verzwergen;;;;
ede1d800-2cd0-47c5-bf90-c3d8c196a5db;Ohne die Teilhabe der Menschen am Haben und Sagen in der Gesellschaft aber werden wir die Potenziale nicht nutzen, die Kreativität nicht ausschöpfen können.;115;ausschöpfen;ausschöpfen;;;;
626061c7-74f3-4206-90ab-124af787bf30;Das Leben hielt dann noch einige solcher Überraschungen für mich bereit.;6;hielt;halten;;;;
e7f08f54-590b-4b7b-bff7-d09ccec06873;Ich halte unsere Position für die verantwortliche, weil sie dazu führt, dass die Schäden, die die Flut geschlagen hat, in dieser Generation und von dieser Generation ausgeglichen werden und nicht auf die Schultern unserer Kinder und Enkelkinder gelegt werden.;49;gelegt;legen;;;;
e7f08f54-590b-4b7b-bff7-d09ccec06873;Ganztagsbetreuung ist vor allen Dingen wichtig, um Frauen zu ermöglichen, Familie und Beruf besser als je zuvor unter einen Hut zu bekommen.;132;bekommen;bekommen;;;;
78f981f7-3780-46d2-9274-81ec9a7d8c5c;Sie haben aus der Erstarrung Flexibilität und aus der Unterdrückung die Freiheit geboren.;9;geboren;gebären;;;;
3de78ebe-2d37-43e2-b2d1-15c20b3ab29b;Wer ist es denn, der mit dem französischen und dem englischen Außenminister versucht, diesen Konflikt zu dämmen, ihn nicht ausbrechen zu lassen?;54;dämmen;dämmen;;;;
3de78ebe-2d37-43e2-b2d1-15c20b3ab29b;Das ist auch notwendig und stünde Deutschland gut an.;106;stünde;anstehen;;;;
3de78ebe-2d37-43e2-b2d1-15c20b3ab29b;Ich erinnere mich noch sehr gut daran, wie Ulla Schmidt standhaft verteidigt hat, was gemeinsam beschlossen worden ist und wie sich viele von Ihnen zur Seite gedrückt, um nicht zu sagen: in die Büsche verkrochen haben.;149;gedrückt;drücken;;;;
3de78ebe-2d37-43e2-b2d1-15c20b3ab29b;"Lassen Sie es uns bald machen; denn es eilt, zum einen, weil es in die Maastricht-Kriterien eingeht, zum anderen aber auch, weil Klarheit über den weiteren Weg herrschen muss.";175;herrschen;herrschen;;;;
3de78ebe-2d37-43e2-b2d1-15c20b3ab29b;"Das musste auch schnell gemacht werden; denn zum 1. Januar 2005 muss Klarheit herrschen.";187;herrschen;herrschen;;;;
3de78ebe-2d37-43e2-b2d1-15c20b3ab29b;Ich glaube, dass man sich wirklich die Zeit nehmen sollte, eine der größten Sozialreformen, die in der Geschichte der Bundesrepublik gemacht worden sind, weil sie gemacht werden musste, sehr sorgfältig auf ihre Wirkungen abzuklopfen, und bereit sein sollte, korrigierend einzugreifen, wenn Wirkungen erzielt werden, die das Gesetz nicht vorsieht.;230;abzuklopfen;abklopfen;;;;
3de78ebe-2d37-43e2-b2d1-15c20b3ab29b;Das dient dem Ziel, die Zufuhr in die Langzeitarbeitslosigkeit einzudämmen.;242;einzudämmen;eindämmen;;;;
3de78ebe-2d37-43e2-b2d1-15c20b3ab29b;Dabei können wir auf eine ungeheure Kraft in der deutschen Gesellschaft und auch in der deutschen Wirtschaft bauen - nicht in dem Sinne, dass man sich damit zufrieden geben könnte, aber schon in dem Sinne, dass man sie als Ausgangspunkt für eine Zukunft nutzt, die wir nun wirklich nicht schwarz in schwarz malen müssen.;324;malen;malen;;;;
5205cf05-3704-42d6-ab3c-806803cdfd05;Doch sein sprichwörtlich gewordenes Genie ist andererseits auch nicht vom Himmel gefallen.;16;gefallen;fallen;;;;
5205cf05-3704-42d6-ab3c-806803cdfd05;Hierfür müssen wir Ressourcen freibekommen, indem wir von Vergangenheitssubventionen hin zu Zukunftsinvestitionen umsteuern.;42;umsteuern;umsteuern;;;;
c291d2b8-0f7b-4775-b937-a17dbf0c6435;"Sie hat in den vergangenen Jahren in den Köpfen vieler Unternehmer den Gedanken verankert, dass betriebliche Familienpolitik - wie sie sagt - ""kein weiches Weiberthema"", sondern konkretes und langfristiges Handeln für eine gute Zukunft unsers Landes ist.";31;verankert;verankern;;;;
c291d2b8-0f7b-4775-b937-a17dbf0c6435;Als Konsequenz nicht zuletzt aus der PISA-Studie haben wir ein Programm aufgelegt, mit dem wir den Bau von Ganztagsschulen mit 4 Milliarden Euro über vier Jahre hinweg anschieben.;72;anschieben;anschieben;;;;
2acae084-55b5-45e8-afe6-71a4ad2c3eb1;"Die fürchterliche Katastrophe, die der Hurrikan ""Katrina"" im Süden der Vereinigten Staaten von Amerika angerichtet ist, berührt uns alle.";3;berührt;berühren;;;;
2acae084-55b5-45e8-afe6-71a4ad2c3eb1;Es war notwendig, die weltwirtschaftlichen Auswirkungen durch die Preisexplosion bei Rohöl und Benzin einzudämmen.;31;einzudämmen;eindämmen;;;;
2acae084-55b5-45e8-afe6-71a4ad2c3eb1;Die Energiepolitik, die auf nachwachsende Rohstoffe und auf erneuerbare Energien setzt, ist für eine verantwortlich handelnde Politik, für eine in diesem Sinne weitsichtige Politik ohne vernünftige Alternative.;63;setzt;setzen;;;;
2acae084-55b5-45e8-afe6-71a4ad2c3eb1;Jetzt zahlt sich aus, dass die Bundesregierung gemeinsam mit der Automobilindustrie und der Mineralölwirtschaft frühzeitig eine Strategie für alternative Kraftstoffe und Antriebe entwickelt hat.;64;zahlt;auszahlen;;;;
2acae084-55b5-45e8-afe6-71a4ad2c3eb1;Deswegen stehe ich auch zu dem Ziel, den Anteil der erneuerbaren Energien am Stromverbrauch bis 2020 auf 20 Prozent zu steigern.;110;stehe;stehen;;;;
2acae084-55b5-45e8-afe6-71a4ad2c3eb1;Ich denke, Sie werden verstehen, wenn ich mir Sorgen darüber mache, dass der eine oder andere denkt, in einer bestimmten Situation könne man das, was sich als erfolgreich erwiesen hat und was im Interesse der großen Ziele, die ich genannt habe, weitergeführt werden muss, einfach über Bord werfen, weil es einem in die Tagesaktualität passt.;127;werfen;werfen;;;;
2acae084-55b5-45e8-afe6-71a4ad2c3eb1;Wichtig ist mir, das werden Sie verstehen, auch der Wirtschaft gegenüber deutlich zu machen, dass sie selbst eine Verantwortung für - sagen wir es ruhig so - den Erhalt der Schöpfung und dafür hat, dass man heute nicht aufessen darf, wovon unsere Kinder und deren Kinder schließlich auch noch leben wollen.;133;aufessen;aufessen;;;;
083e5678-3159-457f-aeff-59fea129686f;"Auf dem Europäischen Rat in Feira in einigen Wochen wollen wir einen konkreten Aktions-Plan zur EU-Initiative der ""Nördlichen Dimension"" verabschieden.";102;verabschieden;verabschieden;;;;
ac7dc1c7-5555-41bb-8206-954f1d705fbc;Die Menschen in den neuen Bundesländern haben uns das im Herbst 1989 buchstäblich demonstriert: Unbeirrt haben sie sich für die Grundwerte der Demokratie eingesetzt und ein diktatorisches Regime abschütteln können.;31;abschütteln;abschütteln;;;;
6b0eeceb-1846-4617-8b0b-1fe9456855b1;Naumann: Da ich die musikalische Erziehung und Bildung unserer Kinder für äußerst wichtig halte, verfolge ich den Rückgang des Musikunterrichtes an den Schulen mit Sorge.;36;verfolge;verfolgen;;;;
90212dcf-4a7a-4e66-82b9-5b0bff9f3b47;Neben einer gehörigen Portion wohltuenden Pragmatismus tritt hier das überragende Dienstleistungs-Ethos Christoph Bertrams zutage.;62;tritt;treten;;;;
90212dcf-4a7a-4e66-82b9-5b0bff9f3b47;Russland ist unser Nachbar, dessen schwierige innenpolitische Entwicklung mit ihren gewaltigen sozialen Spannungen uns unmittelbar berührt, kann Verbündeter in weltpolitischen Fragen sein, zum Beispiel im Zusammenhang mit der Bekämpfung des Terrorismus und der Verbreitung von Massenvernichtungswaffen, ist ein Markt mit gewaltigem Potential für die deutsche Wirtschaft, ist einer der wichtigsten Energielieferanten Deutschlands, Partner eines vielgestaltigen kulturellen und wissenschaftlichen Austauschs, Ort ökologischer Probleme, die uns potentiell betreffen ,Herkunftsland vieler Menschen deutscher Abstammung, die in den vergagenen Jahren in Deutschland ihre neue Heimat gefunden haben, und vieles mehr.;110;berührt;berühren;;;;
90212dcf-4a7a-4e66-82b9-5b0bff9f3b47;Damit könnte zum einen der traditionelle außen- und sicherheitspolitische Diskurs besser mit solchen Themen verzahnt werden, die in der Regel eher der Innenpolitik zugerechnet werden.;128;verzahnt;verzahnen;;;;
90212dcf-4a7a-4e66-82b9-5b0bff9f3b47;"Die Wirklichkeit des öffentlichen Raums ... formulierte Hannah Arendt einst ... ""erwächst aus der gleichzeitigen Anwesenheit zahlloser Aspekte und Perspektiven, in denen ein Gemeinsames sich präsentiert und für die es keinen gemeinsamen Maßstab und keinen Generalnenner je geben kann.""";151;erwächst;erwachsen;;;;
0b18581f-5f1c-423e-947b-f68490e45f28;Die Bundesregierung setzt dabei auf einen starken Mittelstand.;6;setzt;setzen;;;;
0b18581f-5f1c-423e-947b-f68490e45f28;Auch die Behörden müssen Informationstechnik nutzen, nicht nur intern, sondern auch zur Kommunikation mit den Bürgerinnen und Bürgern: Informationen müssen laufen - nicht die Bürger.;37;laufen;laufen;;;;
cf89579e-8d80-41ba-9531-d228642640ca;"Diese Proteste haben dazu geführt, dass ich aus guten Gründen gesagt habe: ""An der Mitbestimmung kann man aus deutscher Sicht nicht rütteln"", und zwar deshalb, weil wir auch innerhalb eines größer gewordenen Europas nicht auf diese in Deutschland sehr erfolgreiche Form der Beteiligung der Arbeitnehmerinnen und Arbeitnehmer an den Entscheidungen in ihren Unternehmen verzichten können.";11;rütteln;rütteln;;;;
cf89579e-8d80-41ba-9531-d228642640ca;Wir haben also eine Kleinbetriebsklausel eingebaut.;83;eingebaut;einbauen;;;;
cf89579e-8d80-41ba-9531-d228642640ca;Aber wir müssen eine daneben stellen, damit das Dach nicht kippt.;131;stellen;stellen;;;;
cf89579e-8d80-41ba-9531-d228642640ca;Aber wir müssen eine daneben stellen, damit das Dach nicht kippt.;131;kippt;kippen;;;;
cf89579e-8d80-41ba-9531-d228642640ca;Wo Automobilproduktion im internationalen Wettbewerb weggefegt worden ist, haben Politiker mit einem Ersatz für die Automobilindustrie Schwierigkeiten.;274;weggefegt;wegfegen;;;;
0f1c09ff-50fb-4306-a824-4cb6b94be456;Denn niemand wird den Forscherdrang und die wissenschaftliche Neugier der Menschen bremsen oder aufhalten können.;64;bremsen;bremsen;;;;
e20d9425-6451-49c6-8e67-00e6c0e179ea;Die Frage, um die im Weltsicherheitsrat, aber auch in den Gesellschaften dieser Welt miteinander gerungen wird, lautet: Darf die Staatengemeinschaft in einem Moment, da die Inspektionen Erfolge zeitigen und die Möglichkeit einer friedlichen Abrüstung des Irak alles andere als ausgeschöpft erscheint, zu Mitteln des Krieges greifen oder bleiben wir der Logik einer friedlichen Abrüstung des Irak von Massenvernichtungsmitteln, die ohne jede Frage sein muss, verpflichtet?;3;gerungen;ringen;;;;
e20d9425-6451-49c6-8e67-00e6c0e179ea;Wir werden das weiter tun müssen, auch wenn aufgrund der konjunkturellen Situation in Ihrer Branche nicht alle Blütenträume gereift sind.;57;gereift;reifen;;;;
e20d9425-6451-49c6-8e67-00e6c0e179ea;Dabei geht es natürlich auch darum, dass natur- und ingenieurwissenschaftliche Studiengänge wegen aktueller konjunktureller Schwierigkeiten nicht beschnitten werden.;64;beschnitten;beschneiden;;;;
e20d9425-6451-49c6-8e67-00e6c0e179ea;Marktsegmente indessen, in denen der Wettbewerb funktioniert, werden oder bleiben von der Regulierung jedenfalls nach unserer Auffassung ausgeklammert.;123;ausgeklammert;ausklammern;;;;
9fe6e6b0-60be-4dd0-9878-be07fcc37426;Hier entfaltete sich der bis in unsere Tage wegweisende Gedanke eines umfassenden Bildungsauftrags der Museen, den wir in Zukunft mit dem Humboldt-Forum abrunden wollen.;10;entfaltete;entfalten;;;;
9fe6e6b0-60be-4dd0-9878-be07fcc37426;Hier entfaltete sich der bis in unsere Tage wegweisende Gedanke eines umfassenden Bildungsauftrags der Museen, den wir in Zukunft mit dem Humboldt-Forum abrunden wollen.;10;abrunden;abrunden;;;;
9fe6e6b0-60be-4dd0-9878-be07fcc37426;Der Besucher war eingeladen, in die Welt einer untergegangenen Epoche einzutauchen.;18;einzutauchen;eintauchen;;;;
9fe6e6b0-60be-4dd0-9878-be07fcc37426;Bei all diesen Diskussionen ist es für mich von besonderer Wichtigkeit, meine sehr verehrten Damen und Herren, dass wir die Museumsinsel nicht auf dem Stand des 19. Jahrhunderts konservieren.;24;konservieren;konservieren;;;;
e397147d-168e-4672-be4d-95518e2246ab;Der 11. September hat die Welt in eine gefährliche Zukunft gestoßen.;16;gestoßen;stoßen;;;;
e397147d-168e-4672-be4d-95518e2246ab;"Der 11. September war ein ""defining moment"", ein Tag, an dem die Weltpolitik neu ausgerichtet wurde.";25;ausgerichtet;ausrichten;;;;
e397147d-168e-4672-be4d-95518e2246ab;Dies heißt nichts Geringeres als die Grundlagen einer kooperativen Ordnungspolitik für das 21. Jahrhundert zu entwerfen, einer Politik, die Zonen der Ordnungslosigkeit nicht mehr zulässt, die auf eine Weltordnung zielt, die allen Völkern eine volle und gerechte Teilhabe ermöglicht.;39;zielt;zielen;;;;
b71875b1-368b-4a07-990b-3831c4545641;"Die Autoren der heute erlebten ""Interzone"" folgen den - wie ich finde - interessanteren Ansätzen: William Burroughs ""Interzone"" regt nämlich auch an, feste Begrifflichkeiten in Frage zu stellen, die Assoziationskraft von Worten zu sezieren und sich mit der Simultanität von Wahrnehmungen zu beschäftigen.";12;sezieren;sezieren;;;;
b71875b1-368b-4a07-990b-3831c4545641;Er zerschneidet Texte und setzt sie - auf der Suche nach neuen Sinnzusammenhängen - neu zusammen.;15;zerschneidet;zerschneiden;;;;
b71875b1-368b-4a07-990b-3831c4545641;Er zerschneidet Texte und setzt sie - auf der Suche nach neuen Sinnzusammenhängen - neu zusammen.;15;setzt;zusammensetzen;;;;
b71875b1-368b-4a07-990b-3831c4545641;" Wenn man diese Technik nicht nur auf Texte, sondern auch auf Bilder und Töne münzt, dann stellt sich ein weiterer Bezug zu der heutigen ""Interzone"" her.";17;münzt;münzen;;;;
b71875b1-368b-4a07-990b-3831c4545641;Solche Bindungen aufzubrechen, Neues zu wagen, der Kunstentwicklung neue Räume zu öffnen - darin sehe ich ein wichtiges Anliegen und auch eine Existenzberechtigung der Berliner Festspiele des Bundes.;27;aufzubrechen;aufbrechen;;;;
baacf922-6f9b-48db-a1c7-b608dd640b2d;Wenn das nicht gelingt, werden wir in eine politische Krise hineinrutschen, die sich gewaschen hat.;99;gewaschen;waschen;;;;
baacf922-6f9b-48db-a1c7-b608dd640b2d;Wir können den Kurden kein Territorium in Europa ausschneiden.;150;ausschneiden;ausschneiden;;;;
baacf922-6f9b-48db-a1c7-b608dd640b2d;Es kreisen gewissermaßen sinnloserweise Milliarden, viele Milliarden von Dollars im Augenblick in diesem Kasino, genannt Börse, verwaltet von 20- bis 30jährigen jungen Männern.;163;kreisen;kreisen;;;;
2d9a9881-5c18-43c8-aea8-cbef206620d9;Und diese Schieflage haben diejenigen verursacht, die sich heute als Wahrer der sozialen Gerechtigkeit zu gebärden versuchen.;30;gebärden;gebärden;;;;
2d9a9881-5c18-43c8-aea8-cbef206620d9;Ich bin sicher: Die meisten Menschen in unserem Lande sehen ein, dass wir nicht die Handlungsfähigkeit unseres Gemeinwesens einschränken, die Zukunft unserer Kinder und Enkel verspielen dürfen.;32;verspielen;verspielen;;;;
2d9a9881-5c18-43c8-aea8-cbef206620d9;"Keine Frage: Wir werden nicht darum herumkommen, die Frage neu auszubuchstabieren, was in unserer Gesellschaft unter den Bedingungen einer globalisierten Wirtschaft ""soziale Gerechtigkeit"" konkret bedeutet.";33;auszubuchstabieren;ausbuchstabieren;;;;
2d9a9881-5c18-43c8-aea8-cbef206620d9;All das zeigt uns: Die Maßnahmen der Bundesregierung beginnen zu greifen.;55;greifen;greifen;;;;
8f044592-1a39-4f3c-b8ee-e7fdf0dc3582;Umso wichtiger ist es unserer festen Überzeugung nach, dass im Verfassungsentwurf verbesserte Regelungen zur Abgrenzung von Kompetenzen zwischen mitgliedsstaatlicher und europäischer Ebene verankert worden sind.;55;verankert;verankern;;;;
fe39088d-2923-4d43-8ea9-52b96be1c759;Europa wächst gewissermaßen ganz konkret zusammen, und zwar im Alltag der Menschen, ganz selbstverständlich und ganz unspektakulär beim Reisen, beim Gebrauch der einheitlichen Währung, beim Einkaufen, selbst beim Essen.;95;wächst;zusammenwachsen;;;;
fe39088d-2923-4d43-8ea9-52b96be1c759;Das ist auch die Grundlage, auf der wir über Betrittsverhandlungen mit der Türkei diskutieren und auf der Europa die historische Chance hat, eine Brücke in die islamische Welt zu schlagen.;98;schlagen;schlagen;;;;
2e216a86-199e-4e65-92af-1bd0a6ed4ddb;Einer Aussöhnung, die nur durch die Bereitschaft zur Vergebung möglich wurde und durch den unbedingten Willen auf beiden Seiten, die Erinnerung an die Verbrechen des Völkermordes wachzuhalten.;36;wachzuhalten;wachhalten;;;;
2e216a86-199e-4e65-92af-1bd0a6ed4ddb;Und 55 Jahre nach dem Krieg, da die europäische Spaltung endlich überwunden ist, gilt unser historischer Auftrag um so mehr: Auf der Grundlage der gemeinsamen europäischen Werte unsererseits den Nachbarn in Mittel- und Osteuropa die Hand zur Integration auszustrecken.;68;auszustrecken;ausstrecken;;;;
2f72465a-c4aa-4c1f-a307-a3ffef5a2fc7;Im Moment geistern alle möglichen Berlinale-Reformideen herum: Verlegung des Forums in den Sommer, Abschaffung des Panorama etc.  Würden Sie diese Ideen verfolgen?;45;geistern;herumgeistern;;;;
9191d003-c303-4754-8d64-3742dd11ba62;Der Bund - und schon gar nicht diese Regierung - wird sich nicht aus seiner sozialpolitischen Verantwortung stehlen.;52;stehlen;stehlen;;;;
9191d003-c303-4754-8d64-3742dd11ba62;Diese Institutionen absterben zu lassen, kann niemand im Sinn haben.;74;absterben;absterben;;;;
cc098db3-3b2f-47fa-bd5b-24ddd9084edf;Oder wird es uns gelingen, den kulturellen Reichtum in seiner Vielfalt zu erhalten und durch die Bereitschaft zu wechselseitiger Verständigung zu beleben?;15;beleben;beleben;;;;
cc098db3-3b2f-47fa-bd5b-24ddd9084edf;Eine Barbarei, die sich häufig genug religiös tarnt oder als Recht auf ethnische Identität camoufliert.;24;camoufliert;camouflieren;;;;
cc098db3-3b2f-47fa-bd5b-24ddd9084edf;"Dadurch erhellt sich der Satz: ""Die Sprache ist das Tor zur jeweiligen Kultur"".";96;erhellt;erhellen;;;;
cc098db3-3b2f-47fa-bd5b-24ddd9084edf;So, als habe der englische Wortschatz auf seinem weltweiten Siegeszug unsere Jungfer Deutsch geschändet, die wir doch längst selbst nach Belieben verstümmeln.;155;verstümmeln;verstümmeln;;;;
9b59342e-4746-4166-9e77-23bdbaf0d774;"So gesehen ist das Motto ""tech is the place to be"", mit dem so mancher Aktionär von Nasdaq- oder Nemax-Titeln bis März letzten Jahres hervorragend fuhr, auch heute noch aktuell - auch wenn die New Economy mittlerweile in eine neue Phase eingetreten ist.";19;fuhr;fahren;;;;
e14d981c-870c-498f-a9a7-e47470f42f3c;Das bedeutet z. B., dass man nicht sagt: Wir schröpfen die aktiv Beschäftigten, indem wir die Steuerfreiheit, die es bei der Nacht- und Schichtarbeit gibt, beschneiden.;37;schröpfen;schröpfen;;;;
e14d981c-870c-498f-a9a7-e47470f42f3c;Das bedeutet z. B., dass man nicht sagt: Wir schröpfen die aktiv Beschäftigten, indem wir die Steuerfreiheit, die es bei der Nacht- und Schichtarbeit gibt, beschneiden.;37;beschneiden;beschneiden;;;;
e14d981c-870c-498f-a9a7-e47470f42f3c;Um das zu erreichen, müssen wir die Bundesanstalt für Arbeit umbauen.;64;umbauen;umbauen;;;;
b862bd1e-a772-417d-9fbb-729292026bf3;Der Teufelskreis der Gewalt muß endlich mit allen verfügbaren Mitteln durchbrochen werden.;23;durchbrochen;durchbrechen;;;;
b862bd1e-a772-417d-9fbb-729292026bf3;Geschieht dies noch einmal, dann wären die Verlierer erneut diejenigen, um deren besseren Schutz wir gemeinsam ringen wollen: die Unterdrückten und Entwürdigten in aller Welt.;37;ringen;ringen;;;;
5143f4a9-4452-4e89-906a-acb74de27cb2;Wie in kaum einem anderen Ministerium sind diesem Haus immer wieder Aufgaben zugewachsen und gelegentlich auch Aufgaben genommen worden.;2;zugewachsen;zuwachsen;;;;
23f20f5a-4410-435e-932d-c1f19e636220; Das, was sich später als Kino durchsetzen sollte, lebte aber gerade von dem Seherlebnis in der anonymen Gemeinschaft des dunklen Vorführsaales.;16;lebte;leben;;;;
23f20f5a-4410-435e-932d-c1f19e636220;Jetzt geht es - und das ist eine schöne Entwicklung, wie ich finde - um die nachbarschaftliche Annäherung in Europa: eine spanisch-italienisch-britisch-dänisch-belgisch-deutsch-französische Studenten-WG beim Studienjahr in Barcelona fungiert in dieser Komödie als ideale europäischen Gemeinschaft, in der sich ein jeder frei entfalten kann und vom Esprit der anderen beflügelt wird.;41;beflügelt;beflügeln;;;;
59c9deaf-a8b7-4050-aa70-d8d739e0ee21;"Verbunden damit ist die zum Teil rüde Abkehr von einer Kunst, die als ""Drop-Art"" verspottet wird, eine Kunst, die so aussieht, als wäre sie an einer Stelle aus unerfindlichen Gründen vom Himmel gefallen.";17;gefallen;fallen;;;;
59c9deaf-a8b7-4050-aa70-d8d739e0ee21;Wir sollten nicht die Standards von Einfamilienhäusern auf der grünen Wiese in die Städte hineintragen;31;hineintragen;hineintragen;;;;
59c9deaf-a8b7-4050-aa70-d8d739e0ee21;Ich denke, dass diese Werte der europäischen Stadt in Mario Bottas Arbeit verteidigt werden.;56;verteidigt;verteidigen;;;;
59c9deaf-a8b7-4050-aa70-d8d739e0ee21;Unsere Aufgabe wird es sein, die alte Stadt zu stärken, ohne sie einzufrieren, ohne sie zu musealisieren - da gibt es auch durchaus Auseinandersetzungen mit manchen Denkmalschützern.;111;einzufrieren;einfrieren;;;;
59c9deaf-a8b7-4050-aa70-d8d739e0ee21;Unsere Aufgabe wird es sein, die alte Stadt zu stärken, ohne sie einzufrieren, ohne sie zu musealisieren - da gibt es auch durchaus Auseinandersetzungen mit manchen Denkmalschützern.;111;musealisieren;musealisieren;;;;
7ddbdddb-d3c4-4aed-bfe3-5a71099e4c33;natürlich ist es so, dass wir alle, nicht nur in Deutschland, noch unter dem Schock der Ereignisse vom 11. September stehen.;1;stehen;stehen;;;;
7ddbdddb-d3c4-4aed-bfe3-5a71099e4c33;Menschen, die sich nicht von Pessimismus und Hoffnungslosigkeit anstecken ließen, sich im wahrsten Sinne des Wortes nicht entmutigen ließen, die über die Jahre hinweg mit Mut und Energie, mit Willensstärke, aber auch mit einer ungeheuren Leistungsbereitschaft etwas geschaffen haben, auf das sie, die Menschen in dieser Region, wirklich stolz sein können.;44;anstecken;anstecken;;;;
7ddbdddb-d3c4-4aed-bfe3-5a71099e4c33;Das wird im Osten zwar auf absehbare Zeit immer noch eine große Aufgabe für den Staat bleiben, aber es geht mir wirklich darum, dass erkannt wird, dass man in den Betrieben noch mehr klotzen und weniger kleckern muss, was diese Frage anbetrifft.;110;klotzen;klotzen;;;;
7ddbdddb-d3c4-4aed-bfe3-5a71099e4c33;Das wird im Osten zwar auf absehbare Zeit immer noch eine große Aufgabe für den Staat bleiben, aber es geht mir wirklich darum, dass erkannt wird, dass man in den Betrieben noch mehr klotzen und weniger kleckern muss, was diese Frage anbetrifft.;110;kleckern;kleckern;;;;
7ddbdddb-d3c4-4aed-bfe3-5a71099e4c33;Das ist auch ein wichtiger Punkt, den man herausstreichen muss, gerade wenn so viel und zu Recht über Globalisierung geredet wird.;130;herausstreichen;herausstreichen;;;;
9bf217f7-e933-4dc8-a462-ae6f59c513dd;Dabei wurden keineswegs überkommene Strukturen konserviert.;21;konserviert;konservieren;;;;
9bf217f7-e933-4dc8-a462-ae6f59c513dd;Keine Frage: Die Rückgänge in der Bauwirtschaft trüben das Bild merklich.;26;trüben;trüben;;;;
2d02c540-774f-48cf-8094-f69dd258027e;Die Frage, wie sich die unterschiedlichen Menschenbilder dieser Systeme im Ausstellungsalltag spiegelten, gäbe Stoff für manche Doktorarbeit.;17;spiegelten;spiegeln;;;;
2d02c540-774f-48cf-8094-f69dd258027e;Vielleicht hat gerade die wechselhafte und teils widersprüchliche Historie des Hauses die Einsicht in die Geschichtlichkeit des Denkens besonders fest in den Grundsätzen dieses Museums und seiner Mitarbeiter verankert.;22;verankert;verankert;;;;
2d02c540-774f-48cf-8094-f69dd258027e;In diesen Ausstellungstiteln scheint die besondere Stärke des Hygiene-Museums auf: Elegant und spielerisch überbrücken sie die Trennung zwischen Wissenschaft, Kultur und Geschichte.;29;überbrücken;überbrücken;;;;
2d02c540-774f-48cf-8094-f69dd258027e;Vor allem aber danke ich Ihnen, lieber Herr Vogel, und Ihren Mitarbeiterinnen und Mitarbeitern, weil Sie diese traditionsreiche Einrichtung so klug und fantasievoll mit Leben erfüllen.;45;erfüllen;erfüllen;;;;
bab357b5-0254-493b-8b6f-0d9f46dc164d;Ich will nicht unerwähnt lassen, dass die Museen zu den historischen deutschen Ost- und Siedlungsgebieten eine hervorragende Arbeit leisten, wenn es darum geht, das Bewusstsein für das kulturelle Erbe wachzuhalten.;20;wachzuhalten;wachhalten;;;;
bab357b5-0254-493b-8b6f-0d9f46dc164d;"Deshalb bin ich froh, dass es den Kulturministern aus sechs Ländern noch vor der EU-Erweiterung gelungen ist, ein ""Europäisches Netzwerk Zwangsmigration und Vertreibung"" zu knüpfen.";33;knüpfen;knüpfen;;;;
c4ab3498-0f10-425a-a69f-7c20e4b78c07;Landschaften, Straßen, Städte, Plätze und Gebäude speisen den Bilder- und Inspirationsvorrat eines jeden Architekten, und wir haben das Taut-Stipendium ins Leben gerufen, um den besten Absolventen der deutschen Architekturschulen durch einen gut ausgestatteten Auslandsaufenthalt das Sammeln von möglichst vielen prägnanten Bildern und Erfahrungen zu ermöglichen. - Sie sind in diesem Jahr für Ihre außergewöhnlichen Abschlussarbeiten von einer fachkundigen Jury ausgewählt worden, und ich freue mich, Sie im Bundeskanzleramt begrüßen zu können. Womöglich gehört dieses außergewöhnliche Haus ja bereits zu den ersten Entdeckungen auf Ihrer nun bald beginnenden Reise.;11;speisen;speisen;;;;
c4ab3498-0f10-425a-a69f-7c20e4b78c07;Die Parameter Form und Funktion allein greifen nicht mehr.;34;greifen;greifen;;;;
c4ab3498-0f10-425a-a69f-7c20e4b78c07;Lassen Sie sich von der Unbestimmtheit nicht lähmen, sondern beflügeln.;50;beflügeln;beflügeln;;;;